e,country,city,line,start_year,end_year,rr,length,tunnel_per,tunnel,stations,source1,cost,currency,year,ppp_rate,real_cost,cost_km_millions,source2,reference
7640,CN,Beijing,Line 4,2004,2009,0,28.2,95.17%,26.837,24,Media,15300,CNY,2005,0.3517,5381.01,190.82,Media,http://zizhan.mot.gov.cn/zhuantizhuanlan/qita/quanqiuhuanjingjijin/zhishigongxiang/201601/P020160125565596507649.pdf
7649,CN,Beijing,Line 13,1999,2003,0,40.85,0.00%,0,17,Wikiland,6570,CNY,1999,0.37,2430.9,59.51,Media,http://www.wikiwand.com/zh-sg/%E5%8C%97%E4%BA%AC%E5%9C%B0%E9%93%8113%E5%8F%B7%E7%BA%BF
7760,CN,Beijing,Line 28,2017,2021,0,8.777,100.00%,8.777,9,Media,12750,CNY,2019,0.2382,3037.16,346.04,Media,http://www.tzxm.gov.cn/flfg/law/201912/t20191220_12825.html; https://new.qq.com/rain/a/20200812A0UGAJ00
7769,CN,Beijing,Line 11 West,2019,2021,0,4,100.00%,4,4,Plan,4890,CNY,2019,0.2382,1164.84,291.21,Media,http://www.tzxm.gov.cn/flfg/law/201912/t20191220_12825.html
7776,CN,Beijing,Line 3 Phase 1+2,2016,2021,0,37.4,55.61%,20.8,27,Plan,41500,CNY,2015,0.2583,10720.74,286.65,Plan,http://www.gov.cn/xinwen/2018-02/18/content_5267552.htm; https://zh.m.wikisource.org/zh-hans/%E5%8C%97%E4%BA%AC%E5%B8%82%E5%9F%8E%E5%B8%82%E8%BD%A8%E9%81%93%E4%BA%A4%E9%80%9A%E7%AC%AC%E4%BA%8C%E6%9C%9F%E5%BB%BA%E8%AE%BE%E8%A7%84%E5%88%92%EF%BC%882015%EF%BD%9E2021%E5%B9%B4%EF%BC%89
7777,CN,Beijing,Line 12,2017,2021,0,29.2,100.00%,29.2,21,Plan,32400,CNY,2015,0.2583,8369.93,286.64,Media,https://zh.wikisource.org/zh-hans/%E5%8C%97%E4%BA%AC%E5%B8%82%E5%9F%8E%E5%B8%82%E8%BD%A8%E9%81%93%E4%BA%A4%E9%80%9A%E7%AC%AC%E4%BA%8C%E6%9C%9F%E5%BB%BA%E8%AE%BE%E8%A7%84%E5%88%92%EF%BC%882015%EF%BD%9E2021%E5%B9%B4%EF%BC%89
7785,CN,Beijing,Line 8 Phase 4,2016,2018,0,3.4,29.08%,0.9886,2,Wiki,3420,CNY,2015,0.2583,883.49,259.85,Media,https://zh.wikipedia.org/wiki/%E5%8C%97%E4%BA%AC%E5%9C%B0%E9%93%818%E5%8F%B7%E7%BA%BF#%E4%B8%89%E6%9C%9F%E5%8F%8A%E5%9B%9B%E6%9C%9F%E5%B7%A5%E7%A8%8B
7792,CN,Beijing,Line 19 Phase 1,2017,2021,0,22.4,100.00%,22.4,10,Plan,22180,CNY,2015,0.2583,5729.79,255.79,Media,https://zh.wikisource.org/zh-hans/%E5%8C%97%E4%BA%AC%E5%B8%82%E5%9F%8E%E5%B8%82%E8%BD%A8%E9%81%93%E4%BA%A4%E9%80%9A%E7%AC%AC%E4%BA%8C%E6%9C%9F%E5%BB%BA%E8%AE%BE%E8%A7%84%E5%88%92%EF%BC%882015%EF%BD%9E2021%E5%B9%B4%EF%BC%89
7793,CN,Beijing,Line 17,2015,2022,0,49.7,100.00%,49.7,21,Plan,49200,CNY,2015,0.2583,12709.89,255.73,Media,https://zh.wikisource.org/zh-hans/%E5%8C%97%E4%BA%AC%E5%B8%82%E5%9F%8E%E5%B8%82%E8%BD%A8%E9%81%93%E4%BA%A4%E9%80%9A%E7%AC%AC%E4%BA%8C%E6%9C%9F%E5%BB%BA%E8%AE%BE%E8%A7%84%E5%88%92%EF%BC%882015%EF%BD%9E2021%E5%B9%B4%EF%BC%89
7794,CN,Beijing,Line 16,2013,2021,0,49.8,100.00%,49.8,29,Media,49500,CNY,2013,0.2729,13509.83,271.28,Media,http://www.bjnews.com.cn/news/2016/11/25/424943.html; https://baijiahao.baidu.com/s?id=1633332748114018963&wfr=spider&for=pc
7795,CN,Beijing,Line 25 Phase 2 (Fangshan Northern Extension),2017,2020,0,5,NA,NA,4,Plan,4860,CNY,2015,0.2583,1255.49,251.1,Media,https://zh.wikisource.org/zh-hans/%E5%8C%97%E4%BA%AC%E5%B8%82%E5%9F%8E%E5%B8%82%E8%BD%A8%E9%81%93%E4%BA%A4%E9%80%9A%E7%AC%AC%E4%BA%8C%E6%9C%9F%E5%BB%BA%E8%AE%BE%E8%A7%84%E5%88%92%EF%BC%882015%EF%BD%9E2021%E5%B9%B4%EF%BC%89
7816,CN,Beijing,Line 7 Phase 2 (Eastern Extension),2016,2020,0,17.2,87.21%,15,9,Plan,15330,CNY,2016,0.2507,3843.07,223.43,Media,https://zh.wikisource.org/zh-hans/%E5%8C%97%E4%BA%AC%E5%B8%82%E5%9F%8E%E5%B8%82%E8%BD%A8%E9%81%93%E4%BA%A4%E9%80%9A%E7%AC%AC%E4%BA%8C%E6%9C%9F%E5%BB%BA%E8%AE%BE%E8%A7%84%E5%88%92%EF%BC%882015%EF%BD%9E2021%E5%B9%B4%EF%BC%89
7824,CN,Beijing,Line 27 Phase 2 (Changping Southern Extension),2019,2021,0,16.6,NA,NA,8,Plan,14230,CNY,2015,0.2583,3676.05,221.45,Media,https://zh.wikisource.org/zh-hans/%E5%8C%97%E4%BA%AC%E5%B8%82%E5%9F%8E%E5%B8%82%E8%BD%A8%E9%81%93%E4%BA%A4%E9%80%9A%E7%AC%AC%E4%BA%8C%E6%9C%9F%E5%BB%BA%E8%AE%BE%E8%A7%84%E5%88%92%EF%BC%882015%EF%BD%9E2021%E5%B9%B4%EF%BC%89
7832,CN,Beijing,Line 6 Phase 1 and 2,2008,2014,0,42.85,100.00%,42.85,27,Wiki,32250,CNY,2009,0.3174,10234.85,238.85,Media,https://zh.wikisource.org/zh-hans/%E5%9B%BD%E5%AE%B6%E5%8F%91%E5%B1%95%E6%94%B9%E9%9D%A9%E5%A7%94%E5%85%B3%E4%BA%8E%E5%8C%97%E4%BA%AC%E5%B8%82%E5%9C%B0%E9%93%816%E5%8F%B7%E7%BA%BF%E5%B7%A5%E7%A8%8B%E5%8F%AF%E8%A1%8C%E6%80%A7%E7%A0%94%E7%A9%B6%E6%8A%A5%E5%91%8A%E7%9A%84%E6%89%B9%E5%A4%8D
7864,CN,Beijing,Line 22,NA,NA,0,78.6,62.00%,48.5,20,Plan,63930,CNY,2019,0.2382,15228.68,193.75,Plan,http://www.tzxm.gov.cn/flfg/law/201912/t20191220_12825.html
7883,CN,Beijing,Line 13A,2019,2022,0,30.2,60.26%,18.2,18,Plan,23960,CNY,2019,0.2382,5707.48,188.99,Plan,http://www.tzxm.gov.cn/flfg/law/201912/t20191220_12825.html; https://baijiahao.baidu.com/s?id=1636643464335769195&wfr=spider&for=pc
7904,CN,Beijing,Line 7 Phase 1,2009,2014,0,23.7,100.00%,23.7,21,Plan,16000,CNY,2014,0.266,4256.45,179.6,Media,http://bj.bendibao.com/news/20141120/171344.shtm
7960,CN,Beijing,Line 10 North and East,2003,2008,0,24.64,100.00%,24.64,22,Media,13700,CNY,2005,0.3517,4818.85,195.57,Media,http://news.sciencenet.cn/sbhtmlnews/2008/8/209799.html
7985,CN,Beijing,Daxing Airport Express Phase 1,2016,2019,0,44,NA,NA,3,Plan,27820,CNY,2019,0.2382,6626.97,150.61,Plan,http://www.tzxm.gov.cn/flfg/law/201912/t20191220_12825.html
7986,CN,Beijing,Daxing Airport Express Phase 2,2019,NA,0,3.5,NA,NA,2,Plan,4040,CNY,2019,0.2382,962.36,274.96,Plan,http://www.tzxm.gov.cn/flfg/law/201912/t20191220_12825.html
7987,CN,Beijing,Line 8 Phase 1 for Olympics,2005,2008,0,4.528,100.00%,4.528,4,Media,2420,CNY,2005,0.3517,851.21,187.99,Media,https://www.360kuai.com/pc/9fb76b182add530db?cota=4&kuai_so=1&tj_url=so_rec&sign=360_7bc3b157; http://itdzs.org/OnLineMagazine/PDFView.aspx?ID=4
8041,CN,Beijing,Daxing Line,2007,2010,0,21.8,80.28%,17.5,11,Media,10930,CNY,2007,0.3323,3632.44,166.63,Media,http://www.mtr.bj.cn/article/5d510c0aebb1a36f5ef5981f.html
8065,CN,Beijing,Line 5,2002,2007,0,27.6,NA,NA,23,Media,12000,CNY,2004,0.3545,4253.81,154.12,Media,http://finance.sina.com.cn/b/20040419/0854725033.shtml
8112,CN,Beijing,Line 15 Phase 1,2009,2014,0,41.4,66.91%,27.7,18,Media,18100,CNY,2010,0.3004,5437.07,131.33,Media,http://finance.ifeng.com/city/bj/20101117/2902241.shtml
8129,CN,Beijing,Line 13B,2019,2022,0,32.2,31.99%,10.3,15,Plan,12640,CNY,2019,0.2382,3010.96,93.51,Plan,http://www.tzxm.gov.cn/flfg/law/201912/t20191220_12825.html
8131,CN,Beijing,Line 8 Northern Extension,2011,2013,0,6.328,73.45%,4.648,3,Measured,3212.2,CNY,2011,0.2838,911.52,144.05,Media,https://max.book118.com/html/2017/1209/143431974.shtm
8139,CN,Beijing,Capital Airport Express,2005,2008,0,28.1,0.00%,0,4,Measured,622.3,CNY,2005,0.3517,218.89,7.79,Media,http://news.sciencenet.cn/sbhtmlnews/2008/8/209799.html
7778,CN,Guangzhou,Line 13 Phase 2,2017,2021,0,33.6,100.00%,33.6,23,Plan,37075,CNY,2017,0.239,8861.14,263.72,Plan,http://www.gov.cn/xinwen/2017-03/23/5180079/files/d764253433a944c0a620def88bf6f446.pdf
7779,CN,Guangzhou,Line 10,2017,2022,0,25.2,100.00%,25.2,19,Media,28920,CNY,2018,0.2379,6879.16,272.98,Media,https://www.bjhuizhu.com/Article/detail/id/1553.html
7811,CN,Guangzhou,Line 12,2018,2023,0,37.6,100.00%,37.6,25,Plan,35120,CNY,2017,0.239,8393.88,223.24,Plan,http://www.gov.cn/xinwen/2017-03/23/5180079/files/d764253433a944c0a620def88bf6f446.pdf
7851,CN,Guangzhou,Line 14 Phase 2,2017,2021,0,11.6,100.00%,11.6,7,Plan,9494,CNY,2017,0.239,2269.12,195.61,Plan,http://www.gov.cn/xinwen/2017-03/23/5180079/files/d764253433a944c0a620def88bf6f446.pdf
7859,CN,Guangzhou,Line 22,2017,2020,0,31.8,100.00%,31.8,6,Plan,25865,CNY,2017,0.239,6181.88,194.4,Plan,http://www.gov.cn/xinwen/2017-03/23/5180079/files/d764253433a944c0a620def88bf6f446.pdf
7865,CN,Guangzhou,Line 5 Eastern Extension,2018,2022,0,9.7,100.00%,9.7,6,Plan,7862,CNY,2017,0.239,1879.06,193.72,Plan,http://www.gov.cn/xinwen/2017-03/23/5180079/files/d764253433a944c0a620def88bf6f446.pdf
7915,CN,Guangzhou,Line 7 Phase 2,2018,2022,0,21.8,100.00%,21.8,11,Plan,16235,CNY,2017,0.239,3880.26,177.99,Plan,http://www.gov.cn/xinwen/2017-03/23/5180079/files/d764253433a944c0a620def88bf6f446.pdf
7922,CN,Guangzhou,Line 18,2017,2020,0,62.5,100.00%,62.5,9,Plan,46051,CNY,2017,0.239,11006.45,176.1,Plan,http://www.gov.cn/xinwen/2017-03/23/5180079/files/d764253433a944c0a620def88bf6f446.pdf
8040,CN,Guangzhou,Line 3 Eastern Extension,2019,2022,0,9.6,100.00%,9.6,4,Plan,5698,CNY,2017,0.2382,1357.26,141.38,Plan,http://www.gov.cn/xinwen/2017-03/23/5180079/files/d764253433a944c0a620def88bf6f446.pdf
9486,CN,Guangzhou,Line 13 Phase 1,2013,2017,0,27.03,100.00%,27.03,11,Media,19038,CNY,2013,0.2729,5195.96,192.23,Media,http://www.dcement.com/Article/201310/117609.html
7658,CN,Shanghai,Line 2 Eastern Extension 1,1999,2000,0,2.72,31.99%,0.87,1,Wiki,314.77,CNY,1999,0.37,116.46,42.82,Plan,https://zh.wikipedia.org/wiki/%E4%B8%8A%E6%B5%B7%E8%BD%A8%E9%81%93%E4%BA%A4%E9%80%9A2%E5%8F%B7%E7%BA%BF
7659,CN,Shanghai,Line 2 Western Extension 1,2001,2006,0,6.155,100.00%,6.155,4,Wiki,3488.42,CNY,2004,0.3545,1236.64,200.92,Plan,https://zh.wikipedia.org/wiki/%E4%B8%8A%E6%B5%B7%E8%BD%A8%E9%81%93%E4%BA%A4%E9%80%9A2%E5%8F%B7%E7%BA%BF
7664,CN,Shanghai,Line 2 Eastern Extension 2,2006,2010,0,30.8,69.81%,21.5,10,Measured,11032,CNY,2008,0.3143,3467.36,112.58,Plan,https://zh.wikipedia.org/wiki/%E4%B8%8A%E6%B5%B7%E8%BD%A8%E9%81%93%E4%BA%A4%E9%80%9A2%E5%8F%B7%E7%BA%BF
7666,CN,Shanghai,Line 3,1997,2000,0,24.975,0.00%,0,19,Wiki,9378,CNY,1998,0.37,3469.86,138.93,Plan,https://zh.wikipedia.org/wiki/%E4%B8%8A%E6%B5%B7%E8%BD%A8%E9%81%93%E4%BA%A4%E9%80%9A3%E5%8F%B7%E7%BA%BF
7673,CN,Shanghai,Line 5 Phase 1,2000,2002,0,17.206,0.00%,0,11,Wiki,3437,CNY,2001,0.3683,1265.85,73.57,Plan,https://zh.wikipedia.org/wiki/%E4%B8%8A%E6%B5%B7%E8%BD%A8%E9%81%93%E4%BA%A4%E9%80%9A5%E5%8F%B7%E7%BA%BF
7674,CN,Shanghai,Line 5 Southern Extension,2014,2018,0,19.628,39.47%,7.747,9,Wiki,10619,CNY,2016,0.2507,2662.18,135.63,Plan,https://zh.wikipedia.org/wiki/%E4%B8%8A%E6%B5%B7%E8%BD%A8%E9%81%93%E4%BA%A4%E9%80%9A5%E5%8F%B7%E7%BA%BF
7675,CN,Shanghai,Line 7 Phase 1,2005,2009,0,34.388,100.00%,34.388,28,Wiki,18700,CNY,2007,0.3323,6214.01,180.7,Plan,https://zh.wikipedia.org/wiki/%E4%B8%8A%E6%B5%B7%E8%BD%A8%E9%81%93%E4%BA%A4%E9%80%9A7%E5%8F%B7%E7%BA%BF
7680,CN,Shanghai,Line 7 Northern Extension,2009,2011,0,9.978,70.25%,7.01,5,Wiki,3157,CNY,2010,0.3004,948.36,95.05,Plan,https://zh.wikipedia.org/wiki/%E4%B8%8A%E6%B5%B7%E8%BD%A8%E9%81%93%E4%BA%A4%E9%80%9A7%E5%8F%B7%E7%BA%BF
7683,CN,Shanghai,Line 9 Phase 2,2005,2009,0,14.5,100.00%,14.5,10,Wiki,8940,CNY,2007,0.3323,2970.76,204.88,Plan,https://zh.wikipedia.org/wiki/%E4%B8%8A%E6%B5%B7%E8%BD%A8%E9%81%93%E4%BA%A4%E9%80%9A9%E5%8F%B7%E7%BA%BF
7688,CN,Shanghai,Line 9 Phase 3,2009,2012,0,5.372,100.00%,5.372,3,Wiki,2800,CNY,2010,0.3004,841.12,156.57,Plan,https://zh.wikipedia.org/wiki/%E4%B8%8A%E6%B5%B7%E8%BD%A8%E9%81%93%E4%BA%A4%E9%80%9A9%E5%8F%B7%E7%BA%BF
7689,CN,Shanghai,Line 9 Phase 3 Eastern Extension,2013,2017,0,13.828,100.00%,13.828,9,Wiki,12713,CNY,2015,0.2583,3283.77,237.47,Plan,https://zh.wikipedia.org/wiki/%E4%B8%8A%E6%B5%B7%E8%BD%A8%E9%81%93%E4%BA%A4%E9%80%9A9%E5%8F%B7%E7%BA%BF
7690,CN,Shanghai,Line 10 Phase 1,2005,2010,0,36.221,100.00%,36.221,31,Wiki,23784,CNY,2007,0.3323,7903.42,218.2,Plan,https://zh.wikipedia.org/wiki/%E4%B8%8A%E6%B5%B7%E8%BD%A8%E9%81%93%E4%BA%A4%E9%80%9A10%E5%8F%B7%E7%BA%BF
7691,CN,Shanghai,Line 11 Phase 1,2007,2009,0,46.008,47.11%,21.676,21,Wiki,18950,CNY,2008,0.3143,5955.99,129.46,Plan,https://zh.wikipedia.org/wiki/%E4%B8%8A%E6%B5%B7%E8%BD%A8%E9%81%93%E4%BA%A4%E9%80%9A11%E5%8F%B7%E7%BA%BF
7754,CN,Shanghai,Line 1 Western Extension,NA,NA,0,1.2,0.00%,0,1,Plan,3575,CNY,2018,0.2379,850.38,708.65,Plan,https://www.ndrc.gov.cn/fggz/zcssfz/zcgh/201812/W020190910670719961874.pdf
7755,CN,Shanghai,Line 20 Phase 1,NA,NA,0,19.8,100.00%,19.8,16,Plan,39354,CNY,2018,0.2379,9361.08,472.78,Plan,https://www.ndrc.gov.cn/fggz/zcssfz/zcgh/201812/W020190910670719961874.pdf
7762,CN,Shanghai,Line 19,NA,NA,0,44.5,100.00%,44.5,32,Plan,60524,CNY,2018,0.2379,14396.76,323.52,Plan,https://www.ndrc.gov.cn/fggz/zcssfz/zcgh/201812/t20181219_1145778.html; http://shanghai.metrofans.cn/thread-443669-1-1.html
7763,CN,Shanghai,Line 21 Phase 1,NA,NA,0,28,100.00%,28,16,Plan,36956,CNY,2018,0.2379,8790.68,313.95,Plan,https://www.ndrc.gov.cn/fggz/zcssfz/zcgh/201812/W020190910670719961874.pdf; https://baike.baidu.com/item/%E4%B8%8A%E6%B5%B7%E5%9C%B0%E9%93%8121%E5%8F%B7%E7%BA%BF
7768,CN,Shanghai,Line 13 Western Extension,NA,NA,0,9.8,100.00%,9.8,5,Plan,12629,CNY,2018,0.2379,3004.04,306.54,Plan,https://www.ndrc.gov.cn/fggz/zcssfz/zcgh/201812/W020190910670719961874.pdf
7770,CN,Shanghai,Line 23 Phase 1,NA,NA,0,28,100.00%,28,22,Plan,33729,CNY,2018,0.2379,8023.07,286.54,Plan,https://www.ndrc.gov.cn/fggz/zcssfz/zcgh/201812/W020190910670719961874.pdf
7819,CN,Shanghai,Jiamin,NA,NA,0,41.6,84.00%,35,15,Plan,37101,CNY,2018,0.2379,8825.17,212.14,Plan,https://www.ndrc.gov.cn/fggz/zcssfz/zcgh/201812/W020190910670719961874.pdf
7858,CN,Shanghai,Line 8 Phase 1,NA,2009,0,23.22,100.00%,23.22,22,Media,14493,CNY,2001,0.3683,5338.12,229.89,Media,https://zh.wikipedia.org/wiki/%E4%B8%8A%E6%B5%B7%E8%BD%A8%E9%81%93%E4%BA%A4%E9%80%9A8%E5%8F%B7%E7%BA%BF
7954,CN,Shanghai,Airport Contact Line,2019,2025,0,68.6,83.00%,56.7,9,Plan,48054,CNY,2018,0.2379,11430.54,166.63,Plan,https://www.ndrc.gov.cn/fggz/zcssfz/zcgh/201812/W020190910670719961874.pdf
8043,CN,Shanghai,Chongming,NA,NA,0,44.6,59.00%,26.1,8,Plan,26426,CNY,2018,0.2379,6285.92,140.94,Plan,https://www.ndrc.gov.cn/fggz/zcssfz/zcgh/201812/W020190910670719961874.pdf; https://xxgk.eic.sh.cn/jsxmxxgk/eiareport/action/jsxm_eiaReportDetail.do?from=jsxm&stEiaId=3ddc18bc-61f2-41e9-af7a-02be49b0e715&type=%E6%8A%A5%E5%91%8A%E4%B9%A6
8105,CN,Shanghai,Line 11 (to Disney),NA,2016,0,9.15,15.96%,1.46,3,Media,4371,CNY,2012,0.2808,1227.46,134.15,Media,https://zh.wikipedia.org/wiki/%E4%B8%8A%E6%B5%B7%E8%BD%A8%E9%81%93%E4%BA%A4%E9%80%9A11%E5%8F%B7%E7%BA%BF
8113,CN,Shanghai,Line 6,2002,2011,0,33.09,63.61%,21.05,28,Plan,12000,CNY,2002,0.3719,4462.63,134.86,Media,https://zh.wikipedia.org/wiki/%E4%B8%8A%E6%B5%B7%E8%BD%A8%E9%81%93%E4%BA%A4%E9%80%9A6%E5%8F%B7%E7%BA%BF
8136,CN,Shanghai,Line 8 Phase 3 (Pujiang Line),2016,2018,0,6.689,0.00%,0,6,Media,3177,CNY,2015,0.2729,867.09,129.63,Media,https://zh.wikipedia.org/wiki/%E4%B8%8A%E6%B5%B7%E8%BD%A8%E9%81%93%E4%BA%A4%E9%80%9A%E6%B5%A6%E6%B1%9F%E7%BA%BF#cite_note-4
9461,CN,Shanghai,Line 15,2015,2020,0,42.3,100.00%,42.3,30,Media,47650,CNY,2014,0.266,12676.24,299.67,Media,https://www.wikiwand.com/zh/%E4%B8%8A%E6%B5%B7%E5%9C%B0%E9%93%81; http://jz.docin.com/p-947723260.html
9462,CN,Shanghai,Line 14,2016,2020,0,38.514,100.00%,38.514,31,Media,57686,CNY,2013,0.2729,15744,408.79,Media,https://max.book118.com/html/2017/0817/128471200.shtm
9467,CN,Shanghai,Line 16,2010,2014,0,58.96,23.22%,13.69,NA,Media,18160,CNY,2010,0.3004,5455.264,92.52,Media,https://www.sohu.com/a/134664821_249521;  https://zh.wikipedia.org/wiki/%E4%B8%8A%E6%B5%B7%E8%BD%A8%E9%81%93%E4%BA%A4%E9%80%9A16%E5%8F%B7%E7%BA%BF
7706,CN,Shenzhen,Line 6 Phase 1,2015,2020,0,37.626,34.58%,13.01,20,Media,16800,CNY,2013,0.2729,4585.15,121.86,Media,https://web.archive.org/web/20130322011109/http://www.sz.gov.cn/cn/xxgk/szgg/tzgg/201303/t20130313_2114458.htm
7707,CN,Shenzhen,Line 6 (feeder),2018,2022,0,6.13,86.54%,5.305,4,Media,3795,CNY,2018,0.2379,902.71,147.26,Media,http://fgw.sz.gov.cn/zwgk/qt/tzgg/201902/P020190226346098115982.pdf; https://www.sohu.com/a/224155978_729676
7712,CN,Shenzhen,Line 3 Phase 4,NA,2022,0,9.35,79.36%,7.42,7,Plan,10785,CNY,2020,0.2382,2568.99,274.76,Plan,https://www.ndrc.gov.cn/xxgk/zcfb/ghwb/201707/W020190905497930956563.pdf
7713,CN,Shenzhen,Line 12 Phase 2,not start,NA,0,8.05,100.00%,8.05,6,Plan,9094,CNY,2020,0.2382,2166.19,269.09,Media,https://huacheng.gz-cmc.com/pages/2020/09/02/12217064331742859f82edec5e61f9ff.html
7714,CN,Shenzhen,Line 13 Northern Extension,2020,NA,0,18.8,100.00%,18.8,11,Plan,22918,CNY,2020,0.2382,5459.07,290.38,Media,http://jt.sz.bendibao.com/z/metro/xl_617.shtml; https://zh.wikipedia.org/wiki/%E6%B7%B1%E5%9C%B3%E5%9C%B0%E9%90%B513%E8%99%9F%E7%B7%9A
7715,CN,Shenzhen,Line 13 Southern Extension,2020,2025,0,4.47,100.00%,4.47,3,Plan,4962,CNY,2020,0.2382,1181.95,264.42,Plan,https://www.ndrc.gov.cn/xxgk/zcfb/ghwb/201707/W020190905497930956563.pdf
7720,CN,Shenzhen,Line 16 Phase 2,not start,NA,0,9.53,100.00%,9.53,7,Plan,10995,CNY,2020,0.2382,2619.01,274.82,Plan,http://fgw.sz.gov.cn/zwgk/qt/tzgg/content/post_7256583.html
7721,CN,Shenzhen,Line 7 Phase 2,not start,NA,0,2.45,100.00%,2.45,2,Plan,2806,CNY,2020,0.2382,668.39,272.81,Plan,https://www.ndrc.gov.cn/xxgk/zcfb/tz/202004/t20200410_1225513.html
7722,CN,Shenzhen,Line 8 Phase 3,NA,2025,0,4.26,100.00%,4.26,NA,Plan,8318,CNY,2020,0.2382,1981.35,465.11,Plan,https://www.ndrc.gov.cn/xxgk/zcfb/ghwb/201707/W020190905497930956563.pdf
7723,CN,Shenzhen,Line 11 Phase 2,not start,NA,0,5.58,100.00%,5.58,3,Plan,6634,CNY,2020,0.2382,1580.22,283.19,Plan,https://www.ndrc.gov.cn/xxgk/zcfb/ghwb/201707/W020190905497930956563.pdf
7728,CN,Shenzhen,Line 20 Phase 1,2020,2021,0,8.43,100.00%,8.43,5,Media,12516,CNY,2020,0.2382,2981.31,353.65,Media,https://zh.wikipedia.org/wiki/%E6%B7%B1%E5%9C%B3%E5%9C%B0%E9%90%B520%E8%99%9F%E7%B7%9A; https://dy.163.com/article/FL78MJRI0539880T.html
7771,CN,Shenzhen,Line 13,2018,2023,0,23,100.00%,23,14,Plan,21480,CNY,2017,0.239,5133.84,223.21,Plan,https://www.ndrc.gov.cn/xxgk/zcfb/ghwb/201707/W020190905497930956563.pdf
7784,CN,Shenzhen,Line 12,2017,2022,0,40,100.00%,40,33,Plan,38140,CNY,2017,0.239,9115.68,227.89,Plan,https://www.ndrc.gov.cn/xxgk/zcfb/ghwb/201707/W020190905497930956563.pdf
7810,CN,Shenzhen,Line 16,2018,2023,0,27.6,100.00%,27.6,24,Media,27530,CNY,2017,0.239,6579.83,238.4,Plan,https://www.ndrc.gov.cn/xxgk/zcfb/ghwb/201707/W020190905497930956563.pdf
7827,CN,Shenzhen,Line 14,2018,2022,0,51.9,100.00%,51.9,17,Plan,42970,CNY,2017,0.239,10270.08,197.88,Plan,https://www.ndrc.gov.cn/xxgk/zcfb/ghwb/201707/W020190905497930956563.pdf
7731,CN,Wuhan,Line 1 Phase 1,2000,2003,0,10.234,0.00%,0,10,Wiki,2199,CNY,2000,0.3678,808.75,79.03,Media,https://zh.wikipedia.org/wiki/%E6%AD%A6%E6%B1%89%E8%BD%A8%E9%81%93%E4%BA%A4%E9%80%9A1%E5%8F%B7%E7%BA%BF#%E4%B8%80%E6%9C%9F%E5%B7%A5%E7%A8%8B; https://baike.baidu.com/item/%E6%AD%A6%E6%B1%89%E5%9C%B0%E9%93%811%E5%8F%B7%E7%BA%BF/
7736,CN,Wuhan,Line 1 Phase 2,2005,2010,0,18.25,0.00%,0,16,Media,4649.8,CNY,2005,0.3517,1635.33,89.61,Media,https://zh.wikipedia.org/wiki/%E6%AD%A6%E6%B1%89%E8%BD%A8%E9%81%93%E4%BA%A4%E9%80%9A1%E5%8F%B7%E7%BA%BF#%E4%B8%80%E6%9C%9F%E5%B7%A5%E7%A8%8B; https://baike.baidu.com/item/%E6%AD%A6%E6%B1%89%E5%9C%B0%E9%93%811%E5%8F%B7%E7%BA%BF/
7737,CN,Wuhan,Line 1 Phase 3 Hankou North,2011,2013,0,5.7,0.00%,0,3,Media,2361,CNY,2011,0.2838,670.05,117.55,Media,https://zh.wikipedia.org/wiki/%E6%AD%A6%E6%B1%89%E8%BD%A8%E9%81%93%E4%BA%A4%E9%80%9A1%E5%8F%B7%E7%BA%BF#%E4%B8%80%E6%9C%9F%E5%B7%A5%E7%A8%8Bï¼› http://www.whtpi.com/Service/22/1645.html
7761,CN,Wuhan,Line 11 Phase 3,NA,NA,0,9.9,100.00%,9.9,6,Plan,13515,CNY,2019,0.2382,3219.39,325.19,Plan,http://www.gov.cn/xinwen/2019-01/06/5355294/files/c3d503decf1d4b6b924324b210ee0f1a.pdf
7802,CN,Wuhan,Line 12 (Ring),2020,2024,0,59.9,100.00%,59.9,37,Plan,58387,CNY,2018,0.2379,13888.44,231.86,Plan,http://www.gov.cn/xinwen/2019-01/06/5355294/files/c3d503decf1d4b6b924324b210ee0f1a.pdf
7817,CN,Wuhan,Line 2 Southern Extension,NA,NA,0,13.35,100.00%,13.35,10,Media,16017,CNY,2014,0.266,4260.97,319.17,Media,https://baike.baidu.com/reference/17605858/8a2eRI10Oo3jPyB3RZawIu33fUj3OmCx5fKTFCUCJXoq4BKXZ94NcZoLUG7NPyweTNKYwYHoa5qBIK1P24XE4PGoXEqagKR9-p1ks_BmNh00igM
7840,CN,Wuhan,Line 8 Phase 2,2018,2021,0,16.7,100.00%,16.7,12,Plan,13772,CNY,2015,0.2583,3557.74,213.04,Plan,http://img.thupdi.com/news/2015/08/1440573393290975.pdf
7849,CN,Wuhan,Line 19,NA,NA,0,20.6,100.00%,20.6,6,Plan,17190,CNY,2018,0.2379,4088.96,198.49,Plan,http://www.gov.cn/xinwen/2019-01/06/5355294/files/c3d503decf1d4b6b924324b210ee0f1a.pdf
7881,CN,Wuhan,Line 5,2017,2021,0,31.9,100.00%,31.9,27,Plan,24964,CNY,2015,0.2583,6448.98,202.16,Media,http://img.thupdi.com/news/2015/08/1440573393290975.pdf
7890,CN,Wuhan,Line 11 East,2017,2021,0,32.1,100.00%,32.1,20,Plan,24620,CNY,2015,0.2583,6360.11,198.13,Plan,http://img.thupdi.com/news/2015/08/1440573393290975.pdf
7962,CN,Wuhan,Line 7 South,2016,2020,0,14.2,100.00%,14.2,7,Plan,9600,CNY,2015,0.2583,2479.98,174.65,Plan,http://img.thupdi.com/news/2015/08/1440573393290975.pdf
7979,CN,Wuhan,Line 4 Western Extension,2016,2018,0,4,85.00%,3.4,2,Plan,2634,CNY,2015,0.2583,680.44,170.11,Plan,http://img.thupdi.com/news/2015/08/1440573393290975.pdf
8016,CN,Wuhan,Line 6 Phase 2,NA,NA,0,7,100.00%,7,5,Plan,4558,CNY,2018,0.2379,1084.21,154.89,Plan,http://www.gov.cn/xinwen/2019-01/06/5355294/files/c3d503decf1d4b6b924324b210ee0f1a.pdf
8049,CN,Wuhan,Xingang,NA,NA,0,30.2,84.11%,25.4,11,Plan,17681,CNY,2018,0.2379,4205.76,139.26,Plan,http://www.gov.cn/xinwen/2019-01/06/5355294/files/c3d503decf1d4b6b924324b210ee0f1a.pdf
8075,CN,Wuhan,Line 8 Phase 3,NA,NA,0,4.9,100.00%,4.9,2,Plan,2597,CNY,2018,0.2379,617.75,126.07,Plan,http://www.gov.cn/xinwen/2019-01/06/5355294/files/c3d503decf1d4b6b924324b210ee0f1a.pdf
8083,CN,Wuhan,Line 7 Northern Extension,NA,NA,0,33.6,40.48%,13.6,10,Plan,17559,CNY,2018,0.2379,4176.74,124.31,Plan,http://www.gov.cn/xinwen/2019-01/06/5355294/files/c3d503decf1d4b6b924324b210ee0f1a.pdf
8088,CN,Wuhan,Line 2 Northern Extension,NA,NA,0,19.8,69.19%,13.7,7,Plan,9437,CNY,2013,0.2729,2575.6,130.08,Media,http://hb.sina.com.cn/news/b/2013-06-03/070979213.html
8099,CN,Wuhan,Line 21,NA,NA,0,33.7,71.81%,24.2,15,Plan,16107,CNY,2015,0.2729,4396.02,130.45,Plan,http://img.thupdi.com/news/2015/08/1440573393290975.pdf
8106,CN,Wuhan,Line 16,NA,NA,0,32.3,39.01%,12.6,12,Plan,15420,CNY,2018,0.2379,3667.94,113.56,Plan,http://www.gov.cn/xinwen/2019-01/06/5355294/files/c3d503decf1d4b6b924324b210ee0f1a.pdf
8114,CN,Wuhan,Line 1 Phase 4 (Jinghe),2015,2017,0,3.97,0.00%,0,3,Measured,1740,CNY,2015,0.2729,474.89,119.62,Wiki,https://zh.wikipedia.org/wiki/%E6%AD%A6%E6%B1%89%E8%BD%A8%E9%81%93%E4%BA%A4%E9%80%9A1%E5%8F%B7%E7%BA%BF#%E4%B8%80%E6%9C%9F%E5%B7%A5%E7%A8%8B
9492,CN,Wuhan,Line 4 Phase 1,2009,NA,0,15.4,100.00%,15.4,15,Media,9400,CNY,2009,0.3174,2983.18,193.71,Media,https://zh.wikipedia.org/wiki/%E6%AD%A6%E6%B1%89%E8%BD%A8%E9%81%93%E4%BA%A4%E9%80%9A4%E5%8F%B7%E7%BA%BF#%E4%B8%80%E6%9C%9F%E5%B7%A5%E7%A8%8B
